image_path,file_name,true_label,score,binary_label_at_threshold,final_label,baseline_threshold,final_real_threshold,final_ai_threshold,is_binary_correct,is_final_decided,is_final_correct_when_decided,input_source,source_id,format_group,resolution_group,file_extension,width,height,status,error_message
data\test_images\ai\ai_001.png,ai_001.png,ai,0.154768,ai,uncertain,0.15,0.12,0.18,True,False,,day10_format_control,ai/ai_001,original,,.png,,,success,
data\test_images\ai\ai_002.png,ai_002.png,ai,0.208551,ai,ai,0.15,0.12,0.18,True,True,True,day10_format_control,ai/ai_002,original,,.png,,,success,
data\test_images\ai\ai_003.png,ai_003.png,ai,0.175881,ai,uncertain,0.15,0.12,0.18,True,False,,day10_format_control,ai/ai_003,original,,.png,,,success,
data\test_images\ai\ai_004.png,ai_004.png,ai,0.164681,ai,uncertain,0.15,0.12,0.18,True,False,,day10_format_control,ai/ai_004,original,,.png,,,success,
data\test_images\ai\ai_005.png,ai_005.png,ai,0.144311,real,uncertain,0.15,0.12,0.18,False,False,,day10_format_control,ai/ai_005,original,,.png,,,success,
data\test_images\ai\ai_006.png,ai_006.png,ai,0.178609,ai,uncertain,0.15,0.12,0.18,True,False,,day10_format_control,ai/ai_006,original,,.png,,,success,
data\test_images\ai\ai_007.png,ai_007.png,ai,0.187089,ai,ai,0.15,0.12,0.18,True,True,True,day10_format_control,ai/ai_007,original,,.png,,,success,
data\test_images\ai\ai_008.png,ai_008.png,ai,0.180457,ai,ai,0.15,0.12,0.18,True,True,True,day10_format_control,ai/ai_008,original,,.png,,,success,
data\test_images\ai\ai_009.png,ai_009.png,ai,0.194494,ai,ai,0.15,0.12,0.18,True,True,True,day10_format_control,ai/ai_009,original,,.png,,,success,
data\test_images\ai\ai_010.png,ai_010.png,ai,0.147024,real,uncertain,0.15,0.12,0.18,False,False,,day10_format_control,ai/ai_010,original,,.png,,,success,
data\test_images\ai\ai_011.png,ai_011.png,ai,0.132229,real,uncertain,0.15,0.12,0.18,False,False,,day10_format_control,ai/ai_011,original,,.png,,,success,
data\test_images\ai\ai_012.png,ai_012.png,ai,0.173775,ai,uncertain,0.15,0.12,0.18,True,False,,day10_format_control,ai/ai_012,original,,.png,,,success,
data\test_images\ai\ai_013.png,ai_013.png,ai,0.133096,real,uncertain,0.15,0.12,0.18,False,False,,day10_format_control,ai/ai_013,original,,.png,,,success,
data\test_images\ai\ai_014.png,ai_014.png,ai,0.13696,real,uncertain,0.15,0.12,0.18,False,False,,day10_format_control,ai/ai_014,original,,.png,,,success,
data\test_images\ai\ai_015.png,ai_015.png,ai,0.155206,ai,uncertain,0.15,0.12,0.18,True,False,,day10_format_control,ai/ai_015,original,,.png,,,success,
data\test_images\ai\ai_016.png,ai_016.png,ai,0.165766,ai,uncertain,0.15,0.12,0.18,True,False,,day10_format_control,ai/ai_016,original,,.png,,,success,
data\test_images\ai\ai_017.png,ai_017.png,ai,0.159653,ai,uncertain,0.15,0.12,0.18,True,False,,day10_format_control,ai/ai_017,original,,.png,,,success,
data\test_images\ai\ai_018.png,ai_018.png,ai,0.195643,ai,ai,0.15,0.12,0.18,True,True,True,day10_format_control,ai/ai_018,original,,.png,,,success,
data\test_images\ai\ai_019.png,ai_019.png,ai,0.191518,ai,ai,0.15,0.12,0.18,True,True,True,day10_format_control,ai/ai_019,original,,.png,,,success,
data\test_images\ai\ai_020.png,ai_020.png,ai,0.146161,real,uncertain,0.15,0.12,0.18,False,False,,day10_format_control,ai/ai_020,original,,.png,,,success,
data\test_images\ai\ai_021.png,ai_021.png,ai,0.1146,real,real,0.15,0.12,0.18,False,True,False,day10_format_control,ai/ai_021,original,,.png,,,success,
data\test_images\ai\ai_022.png,ai_022.png,ai,0.183313,ai,ai,0.15,0.12,0.18,True,True,True,day10_format_control,ai/ai_022,original,,.png,,,success,
data\test_images\ai\ai_023.png,ai_023.png,ai,0.193182,ai,ai,0.15,0.12,0.18,True,True,True,day10_format_control,ai/ai_023,original,,.png,,,success,
data\test_images\ai\ai_024.png,ai_024.png,ai,0.135133,real,uncertain,0.15,0.12,0.18,False,False,,day10_format_control,ai/ai_024,original,,.png,,,success,
data\test_images\ai\ai_025.png,ai_025.png,ai,0.141403,real,uncertain,0.15,0.12,0.18,False,False,,day10_format_control,ai/ai_025,original,,.png,,,success,
data\test_images\ai\ai_026.png,ai_026.png,ai,0.192624,ai,ai,0.15,0.12,0.18,True,True,True,day10_format_control,ai/ai_026,original,,.png,,,success,
data\test_images\ai\ai_027.png,ai_027.png,ai,0.201511,ai,ai,0.15,0.12,0.18,True,True,True,day10_format_control,ai/ai_027,original,,.png,,,success,
data\test_images\ai\ai_028.png,ai_028.png,ai,0.181577,ai,ai,0.15,0.12,0.18,True,True,True,day10_format_control,ai/ai_028,original,,.png,,,success,
data\test_images\ai\ai_029.png,ai_029.png,ai,0.162104,ai,uncertain,0.15,0.12,0.18,True,False,,day10_format_control,ai/ai_029,original,,.png,,,success,
data\test_images\ai\ai_030.png,ai_030.png,ai,0.195831,ai,ai,0.15,0.12,0.18,True,True,True,day10_format_control,ai/ai_030,original,,.png,,,success,
data\day10_format_control\ai\png\ai_001__png.png,ai_001__png.png,ai,0.154768,ai,uncertain,0.15,0.12,0.18,True,False,,day10_format_control,ai/ai_001,png,,.png,,,success,
data\day10_format_control\ai\png\ai_002__png.png,ai_002__png.png,ai,0.208551,ai,ai,0.15,0.12,0.18,True,True,True,day10_format_control,ai/ai_002,png,,.png,,,success,
data\day10_format_control\ai\png\ai_003__png.png,ai_003__png.png,ai,0.175881,ai,uncertain,0.15,0.12,0.18,True,False,,day10_format_control,ai/ai_003,png,,.png,,,success,
data\day10_format_control\ai\png\ai_004__png.png,ai_004__png.png,ai,0.164681,ai,uncertain,0.15,0.12,0.18,True,False,,day10_format_control,ai/ai_004,png,,.png,,,success,
data\day10_format_control\ai\png\ai_005__png.png,ai_005__png.png,ai,0.144311,real,uncertain,0.15,0.12,0.18,False,False,,day10_format_control,ai/ai_005,png,,.png,,,success,
data\day10_format_control\ai\png\ai_006__png.png,ai_006__png.png,ai,0.178609,ai,uncertain,0.15,0.12,0.18,True,False,,day10_format_control,ai/ai_006,png,,.png,,,success,
data\day10_format_control\ai\png\ai_007__png.png,ai_007__png.png,ai,0.187089,ai,ai,0.15,0.12,0.18,True,True,True,day10_format_control,ai/ai_007,png,,.png,,,success,
data\day10_format_control\ai\png\ai_008__png.png,ai_008__png.png,ai,0.180457,ai,ai,0.15,0.12,0.18,True,True,True,day10_format_control,ai/ai_008,png,,.png,,,success,
data\day10_format_control\ai\png\ai_009__png.png,ai_009__png.png,ai,0.194494,ai,ai,0.15,0.12,0.18,True,True,True,day10_format_control,ai/ai_009,png,,.png,,,success,
data\day10_format_control\ai\png\ai_010__png.png,ai_010__png.png,ai,0.147024,real,uncertain,0.15,0.12,0.18,False,False,,day10_format_control,ai/ai_010,png,,.png,,,success,
data\day10_format_control\ai\png\ai_011__png.png,ai_011__png.png,ai,0.132229,real,uncertain,0.15,0.12,0.18,False,False,,day10_format_control,ai/ai_011,png,,.png,,,success,
data\day10_format_control\ai\png\ai_012__png.png,ai_012__png.png,ai,0.173775,ai,uncertain,0.15,0.12,0.18,True,False,,day10_format_control,ai/ai_012,png,,.png,,,success,
data\day10_format_control\ai\png\ai_013__png.png,ai_013__png.png,ai,0.133096,real,uncertain,0.15,0.12,0.18,False,False,,day10_format_control,ai/ai_013,png,,.png,,,success,
data\day10_format_control\ai\png\ai_014__png.png,ai_014__png.png,ai,0.13696,real,uncertain,0.15,0.12,0.18,False,False,,day10_format_control,ai/ai_014,png,,.png,,,success,
data\day10_format_control\ai\png\ai_015__png.png,ai_015__png.png,ai,0.155206,ai,uncertain,0.15,0.12,0.18,True,False,,day10_format_control,ai/ai_015,png,,.png,,,success,
data\day10_format_control\ai\png\ai_016__png.png,ai_016__png.png,ai,0.165766,ai,uncertain,0.15,0.12,0.18,True,False,,day10_format_control,ai/ai_016,png,,.png,,,success,
data\day10_format_control\ai\png\ai_017__png.png,ai_017__png.png,ai,0.159653,ai,uncertain,0.15,0.12,0.18,True,False,,day10_format_control,ai/ai_017,png,,.png,,,success,
data\day10_format_control\ai\png\ai_018__png.png,ai_018__png.png,ai,0.195643,ai,ai,0.15,0.12,0.18,True,True,True,day10_format_control,ai/ai_018,png,,.png,,,success,
data\day10_format_control\ai\png\ai_019__png.png,ai_019__png.png,ai,0.191518,ai,ai,0.15,0.12,0.18,True,True,True,day10_format_control,ai/ai_019,png,,.png,,,success,
data\day10_format_control\ai\png\ai_020__png.png,ai_020__png.png,ai,0.146161,real,uncertain,0.15,0.12,0.18,False,False,,day10_format_control,ai/ai_020,png,,.png,,,success,
data\day10_format_control\ai\png\ai_021__png.png,ai_021__png.png,ai,0.1146,real,real,0.15,0.12,0.18,False,True,False,day10_format_control,ai/ai_021,png,,.png,,,success,
data\day10_format_control\ai\png\ai_022__png.png,ai_022__png.png,ai,0.183313,ai,ai,0.15,0.12,0.18,True,True,True,day10_format_control,ai/ai_022,png,,.png,,,success,
data\day10_format_control\ai\png\ai_023__png.png,ai_023__png.png,ai,0.193182,ai,ai,0.15,0.12,0.18,True,True,True,day10_format_control,ai/ai_023,png,,.png,,,success,
data\day10_format_control\ai\png\ai_024__png.png,ai_024__png.png,ai,0.135133,real,uncertain,0.15,0.12,0.18,False,False,,day10_format_control,ai/ai_024,png,,.png,,,success,
data\day10_format_control\ai\png\ai_025__png.png,ai_025__png.png,ai,0.141403,real,uncertain,0.15,0.12,0.18,False,False,,day10_format_control,ai/ai_025,png,,.png,,,success,
data\day10_format_control\ai\png\ai_026__png.png,ai_026__png.png,ai,0.192624,ai,ai,0.15,0.12,0.18,True,True,True,day10_format_control,ai/ai_026,png,,.png,,,success,
data\day10_format_control\ai\png\ai_027__png.png,ai_027__png.png,ai,0.201511,ai,ai,0.15,0.12,0.18,True,True,True,day10_format_control,ai/ai_027,png,,.png,,,success,
data\day10_format_control\ai\png\ai_028__png.png,ai_028__png.png,ai,0.181577,ai,ai,0.15,0.12,0.18,True,True,True,day10_format_control,ai/ai_028,png,,.png,,,success,
data\day10_format_control\ai\png\ai_029__png.png,ai_029__png.png,ai,0.162104,ai,uncertain,0.15,0.12,0.18,True,False,,day10_format_control,ai/ai_029,png,,.png,,,success,
data\day10_format_control\ai\png\ai_030__png.png,ai_030__png.png,ai,0.195831,ai,ai,0.15,0.12,0.18,True,True,True,day10_format_control,ai/ai_030,png,,.png,,,success,
data\day10_format_control\ai\jpeg_q95\ai_001__jpeg_q95.jpg,ai_001__jpeg_q95.jpg,ai,0.157146,ai,uncertain,0.15,0.12,0.18,True,False,,day10_format_control,ai/ai_001,jpeg_q95,,.jpg,,,success,
data\day10_format_control\ai\jpeg_q95\ai_002__jpeg_q95.jpg,ai_002__jpeg_q95.jpg,ai,0.20998,ai,ai,0.15,0.12,0.18,True,True,True,day10_format_control,ai/ai_002,jpeg_q95,,.jpg,,,success,
data\day10_format_control\ai\jpeg_q95\ai_003__jpeg_q95.jpg,ai_003__jpeg_q95.jpg,ai,0.178096,ai,uncertain,0.15,0.12,0.18,True,False,,day10_format_control,ai/ai_003,jpeg_q95,,.jpg,,,success,
data\day10_format_control\ai\jpeg_q95\ai_004__jpeg_q95.jpg,ai_004__jpeg_q95.jpg,ai,0.166783,ai,uncertain,0.15,0.12,0.18,True,False,,day10_format_control,ai/ai_004,jpeg_q95,,.jpg,,,success,
data\day10_format_control\ai\jpeg_q95\ai_005__jpeg_q95.jpg,ai_005__jpeg_q95.jpg,ai,0.146809,real,uncertain,0.15,0.12,0.18,False,False,,day10_format_control,ai/ai_005,jpeg_q95,,.jpg,,,success,
data\day10_format_control\ai\jpeg_q95\ai_006__jpeg_q95.jpg,ai_006__jpeg_q95.jpg,ai,0.180891,ai,ai,0.15,0.12,0.18,True,True,True,day10_format_control,ai/ai_006,jpeg_q95,,.jpg,,,success,
data\day10_format_control\ai\jpeg_q95\ai_007__jpeg_q95.jpg,ai_007__jpeg_q95.jpg,ai,0.188983,ai,ai,0.15,0.12,0.18,True,True,True,day10_format_control,ai/ai_007,jpeg_q95,,.jpg,,,success,
data\day10_format_control\ai\jpeg_q95\ai_008__jpeg_q95.jpg,ai_008__jpeg_q95.jpg,ai,0.182926,ai,ai,0.15,0.12,0.18,True,True,True,day10_format_control,ai/ai_008,jpeg_q95,,.jpg,,,success,
data\day10_format_control\ai\jpeg_q95\ai_009__jpeg_q95.jpg,ai_009__jpeg_q95.jpg,ai,0.196425,ai,ai,0.15,0.12,0.18,True,True,True,day10_format_control,ai/ai_009,jpeg_q95,,.jpg,,,success,
data\day10_format_control\ai\jpeg_q95\ai_010__jpeg_q95.jpg,ai_010__jpeg_q95.jpg,ai,0.1486,real,uncertain,0.15,0.12,0.18,False,False,,day10_format_control,ai/ai_010,jpeg_q95,,.jpg,,,success,
data\day10_format_control\ai\jpeg_q95\ai_011__jpeg_q95.jpg,ai_011__jpeg_q95.jpg,ai,0.133507,real,uncertain,0.15,0.12,0.18,False,False,,day10_format_control,ai/ai_011,jpeg_q95,,.jpg,,,success,
data\day10_format_control\ai\jpeg_q95\ai_012__jpeg_q95.jpg,ai_012__jpeg_q95.jpg,ai,0.175941,ai,uncertain,0.15,0.12,0.18,True,False,,day10_format_control,ai/ai_012,jpeg_q95,,.jpg,,,success,
data\day10_format_control\ai\jpeg_q95\ai_013__jpeg_q95.jpg,ai_013__jpeg_q95.jpg,ai,0.131651,real,uncertain,0.15,0.12,0.18,False,False,,day10_format_control,ai/ai_013,jpeg_q95,,.jpg,,,success,
data\day10_format_control\ai\jpeg_q95\ai_014__jpeg_q95.jpg,ai_014__jpeg_q95.jpg,ai,0.138817,real,uncertain,0.15,0.12,0.18,False,False,,day10_format_control,ai/ai_014,jpeg_q95,,.jpg,,,success,
data\day10_format_control\ai\jpeg_q95\ai_015__jpeg_q95.jpg,ai_015__jpeg_q95.jpg,ai,0.158104,ai,uncertain,0.15,0.12,0.18,True,False,,day10_format_control,ai/ai_015,jpeg_q95,,.jpg,,,success,
data\day10_format_control\ai\jpeg_q95\ai_016__jpeg_q95.jpg,ai_016__jpeg_q95.jpg,ai,0.167391,ai,uncertain,0.15,0.12,0.18,True,False,,day10_format_control,ai/ai_016,jpeg_q95,,.jpg,,,success,
data\day10_format_control\ai\jpeg_q95\ai_017__jpeg_q95.jpg,ai_017__jpeg_q95.jpg,ai,0.161425,ai,uncertain,0.15,0.12,0.18,True,False,,day10_format_control,ai/ai_017,jpeg_q95,,.jpg,,,success,
data\day10_format_control\ai\jpeg_q95\ai_018__jpeg_q95.jpg,ai_018__jpeg_q95.jpg,ai,0.197681,ai,ai,0.15,0.12,0.18,True,True,True,day10_format_control,ai/ai_018,jpeg_q95,,.jpg,,,success,
data\day10_format_control\ai\jpeg_q95\ai_019__jpeg_q95.jpg,ai_019__jpeg_q95.jpg,ai,0.193406,ai,ai,0.15,0.12,0.18,True,True,True,day10_format_control,ai/ai_019,jpeg_q95,,.jpg,,,success,
data\day10_format_control\ai\jpeg_q95\ai_020__jpeg_q95.jpg,ai_020__jpeg_q95.jpg,ai,0.145644,real,uncertain,0.15,0.12,0.18,False,False,,day10_format_control,ai/ai_020,jpeg_q95,,.jpg,,,success,
data\day10_format_control\ai\jpeg_q95\ai_021__jpeg_q95.jpg,ai_021__jpeg_q95.jpg,ai,0.112943,real,real,0.15,0.12,0.18,False,True,False,day10_format_control,ai/ai_021,jpeg_q95,,.jpg,,,success,
data\day10_format_control\ai\jpeg_q95\ai_022__jpeg_q95.jpg,ai_022__jpeg_q95.jpg,ai,0.185454,ai,ai,0.15,0.12,0.18,True,True,True,day10_format_control,ai/ai_022,jpeg_q95,,.jpg,,,success,
data\day10_format_control\ai\jpeg_q95\ai_023__jpeg_q95.jpg,ai_023__jpeg_q95.jpg,ai,0.194774,ai,ai,0.15,0.12,0.18,True,True,True,day10_format_control,ai/ai_023,jpeg_q95,,.jpg,,,success,
data\day10_format_control\ai\jpeg_q95\ai_024__jpeg_q95.jpg,ai_024__jpeg_q95.jpg,ai,0.135217,real,uncertain,0.15,0.12,0.18,False,False,,day10_format_control,ai/ai_024,jpeg_q95,,.jpg,,,success,
data\day10_format_control\ai\jpeg_q95\ai_025__jpeg_q95.jpg,ai_025__jpeg_q95.jpg,ai,0.142036,real,uncertain,0.15,0.12,0.18,False,False,,day10_format_control,ai/ai_025,jpeg_q95,,.jpg,,,success,
data\day10_format_control\ai\jpeg_q95\ai_026__jpeg_q95.jpg,ai_026__jpeg_q95.jpg,ai,0.195329,ai,ai,0.15,0.12,0.18,True,True,True,day10_format_control,ai/ai_026,jpeg_q95,,.jpg,,,success,
data\day10_format_control\ai\jpeg_q95\ai_027__jpeg_q95.jpg,ai_027__jpeg_q95.jpg,ai,0.20371,ai,ai,0.15,0.12,0.18,True,True,True,day10_format_control,ai/ai_027,jpeg_q95,,.jpg,,,success,
data\day10_format_control\ai\jpeg_q95\ai_028__jpeg_q95.jpg,ai_028__jpeg_q95.jpg,ai,0.184131,ai,ai,0.15,0.12,0.18,True,True,True,day10_format_control,ai/ai_028,jpeg_q95,,.jpg,,,success,
data\day10_format_control\ai\jpeg_q95\ai_029__jpeg_q95.jpg,ai_029__jpeg_q95.jpg,ai,0.164017,ai,uncertain,0.15,0.12,0.18,True,False,,day10_format_control,ai/ai_029,jpeg_q95,,.jpg,,,success,
data\day10_format_control\ai\jpeg_q95\ai_030__jpeg_q95.jpg,ai_030__jpeg_q95.jpg,ai,0.198076,ai,ai,0.15,0.12,0.18,True,True,True,day10_format_control,ai/ai_030,jpeg_q95,,.jpg,,,success,
data\day10_format_control\ai\jpeg_q85\ai_001__jpeg_q85.jpg,ai_001__jpeg_q85.jpg,ai,0.156578,ai,uncertain,0.15,0.12,0.18,True,False,,day10_format_control,ai/ai_001,jpeg_q85,,.jpg,,,success,
data\day10_format_control\ai\jpeg_q85\ai_002__jpeg_q85.jpg,ai_002__jpeg_q85.jpg,ai,0.211582,ai,ai,0.15,0.12,0.18,True,True,True,day10_format_control,ai/ai_002,jpeg_q85,,.jpg,,,success,
data\day10_format_control\ai\jpeg_q85\ai_003__jpeg_q85.jpg,ai_003__jpeg_q85.jpg,ai,0.179535,ai,uncertain,0.15,0.12,0.18,True,False,,day10_format_control,ai/ai_003,jpeg_q85,,.jpg,,,success,
data\day10_format_control\ai\jpeg_q85\ai_004__jpeg_q85.jpg,ai_004__jpeg_q85.jpg,ai,0.166859,ai,uncertain,0.15,0.12,0.18,True,False,,day10_format_control,ai/ai_004,jpeg_q85,,.jpg,,,success,
data\day10_format_control\ai\jpeg_q85\ai_005__jpeg_q85.jpg,ai_005__jpeg_q85.jpg,ai,0.145932,real,uncertain,0.15,0.12,0.18,False,False,,day10_format_control,ai/ai_005,jpeg_q85,,.jpg,,,success,
data\day10_format_control\ai\jpeg_q85\ai_006__jpeg_q85.jpg,ai_006__jpeg_q85.jpg,ai,0.180289,ai,ai,0.15,0.12,0.18,True,True,True,day10_format_control,ai/ai_006,jpeg_q85,,.jpg,,,success,
data\day10_format_control\ai\jpeg_q85\ai_007__jpeg_q85.jpg,ai_007__jpeg_q85.jpg,ai,0.1904,ai,ai,0.15,0.12,0.18,True,True,True,day10_format_control,ai/ai_007,jpeg_q85,,.jpg,,,success,
data\day10_format_control\ai\jpeg_q85\ai_008__jpeg_q85.jpg,ai_008__jpeg_q85.jpg,ai,0.182215,ai,ai,0.15,0.12,0.18,True,True,True,day10_format_control,ai/ai_008,jpeg_q85,,.jpg,,,success,
data\day10_format_control\ai\jpeg_q85\ai_009__jpeg_q85.jpg,ai_009__jpeg_q85.jpg,ai,0.197934,ai,ai,0.15,0.12,0.18,True,True,True,day10_format_control,ai/ai_009,jpeg_q85,,.jpg,,,success,
data\day10_format_control\ai\jpeg_q85\ai_010__jpeg_q85.jpg,ai_010__jpeg_q85.jpg,ai,0.149298,real,uncertain,0.15,0.12,0.18,False,False,,day10_format_control,ai/ai_010,jpeg_q85,,.jpg,,,success,
data\day10_format_control\ai\jpeg_q85\ai_011__jpeg_q85.jpg,ai_011__jpeg_q85.jpg,ai,0.133143,real,uncertain,0.15,0.12,0.18,False,False,,day10_format_control,ai/ai_011,jpeg_q85,,.jpg,,,success,
data\day10_format_control\ai\jpeg_q85\ai_012__jpeg_q85.jpg,ai_012__jpeg_q85.jpg,ai,0.176395,ai,uncertain,0.15,0.12,0.18,True,False,,day10_format_control,ai/ai_012,jpeg_q85,,.jpg,,,success,
data\day10_format_control\ai\jpeg_q85\ai_013__jpeg_q85.jpg,ai_013__jpeg_q85.jpg,ai,0.129333,real,uncertain,0.15,0.12,0.18,False,False,,day10_format_control,ai/ai_013,jpeg_q85,,.jpg,,,success,
data\day10_format_control\ai\jpeg_q85\ai_014__jpeg_q85.jpg,ai_014__jpeg_q85.jpg,ai,0.138991,real,uncertain,0.15,0.12,0.18,False,False,,day10_format_control,ai/ai_014,jpeg_q85,,.jpg,,,success,
data\day10_format_control\ai\jpeg_q85\ai_015__jpeg_q85.jpg,ai_015__jpeg_q85.jpg,ai,0.156556,ai,uncertain,0.15,0.12,0.18,True,False,,day10_format_control,ai/ai_015,jpeg_q85,,.jpg,,,success,
data\day10_format_control\ai\jpeg_q85\ai_016__jpeg_q85.jpg,ai_016__jpeg_q85.jpg,ai,0.166087,ai,uncertain,0.15,0.12,0.18,True,False,,day10_format_control,ai/ai_016,jpeg_q85,,.jpg,,,success,
data\day10_format_control\ai\jpeg_q85\ai_017__jpeg_q85.jpg,ai_017__jpeg_q85.jpg,ai,0.161425,ai,uncertain,0.15,0.12,0.18,True,False,,day10_format_control,ai/ai_017,jpeg_q85,,.jpg,,,success,
data\day10_format_control\ai\jpeg_q85\ai_018__jpeg_q85.jpg,ai_018__jpeg_q85.jpg,ai,0.199528,ai,ai,0.15,0.12,0.18,True,True,True,day10_format_control,ai/ai_018,jpeg_q85,,.jpg,,,success,
data\day10_format_control\ai\jpeg_q85\ai_019__jpeg_q85.jpg,ai_019__jpeg_q85.jpg,ai,0.195062,ai,ai,0.15,0.12,0.18,True,True,True,day10_format_control,ai/ai_019,jpeg_q85,,.jpg,,,success,
data\day10_format_control\ai\jpeg_q85\ai_020__jpeg_q85.jpg,ai_020__jpeg_q85.jpg,ai,0.142503,real,uncertain,0.15,0.12,0.18,False,False,,day10_format_control,ai/ai_020,jpeg_q85,,.jpg,,,success,
data\day10_format_control\ai\jpeg_q85\ai_021__jpeg_q85.jpg,ai_021__jpeg_q85.jpg,ai,0.110164,real,real,0.15,0.12,0.18,False,True,False,day10_format_control,ai/ai_021,jpeg_q85,,.jpg,,,success,
data\day10_format_control\ai\jpeg_q85\ai_022__jpeg_q85.jpg,ai_022__jpeg_q85.jpg,ai,0.185809,ai,ai,0.15,0.12,0.18,True,True,True,day10_format_control,ai/ai_022,jpeg_q85,,.jpg,,,success,
data\day10_format_control\ai\jpeg_q85\ai_023__jpeg_q85.jpg,ai_023__jpeg_q85.jpg,ai,0.196582,ai,ai,0.15,0.12,0.18,True,True,True,day10_format_control,ai/ai_023,jpeg_q85,,.jpg,,,success,
data\day10_format_control\ai\jpeg_q85\ai_024__jpeg_q85.jpg,ai_024__jpeg_q85.jpg,ai,0.13238,real,uncertain,0.15,0.12,0.18,False,False,,day10_format_control,ai/ai_024,jpeg_q85,,.jpg,,,success,
data\day10_format_control\ai\jpeg_q85\ai_025__jpeg_q85.jpg,ai_025__jpeg_q85.jpg,ai,0.140574,real,uncertain,0.15,0.12,0.18,False,False,,day10_format_control,ai/ai_025,jpeg_q85,,.jpg,,,success,
data\day10_format_control\ai\jpeg_q85\ai_026__jpeg_q85.jpg,ai_026__jpeg_q85.jpg,ai,0.192611,ai,ai,0.15,0.12,0.18,True,True,True,day10_format_control,ai/ai_026,jpeg_q85,,.jpg,,,success,
data\day10_format_control\ai\jpeg_q85\ai_027__jpeg_q85.jpg,ai_027__jpeg_q85.jpg,ai,0.205034,ai,ai,0.15,0.12,0.18,True,True,True,day10_format_control,ai/ai_027,jpeg_q85,,.jpg,,,success,
data\day10_format_control\ai\jpeg_q85\ai_028__jpeg_q85.jpg,ai_028__jpeg_q85.jpg,ai,0.184997,ai,ai,0.15,0.12,0.18,True,True,True,day10_format_control,ai/ai_028,jpeg_q85,,.jpg,,,success,
data\day10_format_control\ai\jpeg_q85\ai_029__jpeg_q85.jpg,ai_029__jpeg_q85.jpg,ai,0.165114,ai,uncertain,0.15,0.12,0.18,True,False,,day10_format_control,ai/ai_029,jpeg_q85,,.jpg,,,success,
data\day10_format_control\ai\jpeg_q85\ai_030__jpeg_q85.jpg,ai_030__jpeg_q85.jpg,ai,0.198926,ai,ai,0.15,0.12,0.18,True,True,True,day10_format_control,ai/ai_030,jpeg_q85,,.jpg,,,success,
data\test_images\real\real_001.jpg,real_001.jpg,real,0.208724,ai,ai,0.15,0.12,0.18,False,True,False,day10_format_control,real/real_001,original,,.jpg,,,success,
data\test_images\real\real_002.jpg,real_002.jpg,real,0.196063,ai,ai,0.15,0.12,0.18,False,True,False,day10_format_control,real/real_002,original,,.jpg,,,success,
data\test_images\real\real_003.jpg,real_003.jpg,real,0.13663,real,uncertain,0.15,0.12,0.18,True,False,,day10_format_control,real/real_003,original,,.jpg,,,success,
data\test_images\real\real_004.jpg,real_004.jpg,real,0.219579,ai,ai,0.15,0.12,0.18,False,True,False,day10_format_control,real/real_004,original,,.jpg,,,success,
data\test_images\real\real_005.jpg,real_005.jpg,real,0.220945,ai,ai,0.15,0.12,0.18,False,True,False,day10_format_control,real/real_005,original,,.jpg,,,success,
data\test_images\real\real_006.jpg,real_006.jpg,real,0.167131,ai,uncertain,0.15,0.12,0.18,False,False,,day10_format_control,real/real_006,original,,.jpg,,,success,
data\test_images\real\real_007.jpg,real_007.jpg,real,0.149587,real,uncertain,0.15,0.12,0.18,True,False,,day10_format_control,real/real_007,original,,.jpg,,,success,
data\test_images\real\real_008.jpg,real_008.jpg,real,0.138499,real,uncertain,0.15,0.12,0.18,True,False,,day10_format_control,real/real_008,original,,.jpg,,,success,
data\test_images\real\real_009.jpg,real_009.jpg,real,0.141515,real,uncertain,0.15,0.12,0.18,True,False,,day10_format_control,real/real_009,original,,.jpg,,,success,
data\test_images\real\real_010.jpg,real_010.jpg,real,0.20245,ai,ai,0.15,0.12,0.18,False,True,False,day10_format_control,real/real_010,original,,.jpg,,,success,
data\test_images\real\real_011.jpg,real_011.jpg,real,0.146013,real,uncertain,0.15,0.12,0.18,True,False,,day10_format_control,real/real_011,original,,.jpg,,,success,
data\test_images\real\real_012.jpg,real_012.jpg,real,0.117578,real,real,0.15,0.12,0.18,True,True,True,day10_format_control,real/real_012,original,,.jpg,,,success,
data\test_images\real\real_013.jpg,real_013.jpg,real,0.222499,ai,ai,0.15,0.12,0.18,False,True,False,day10_format_control,real/real_013,original,,.jpg,,,success,
data\test_images\real\real_014.jpg,real_014.jpg,real,0.130118,real,uncertain,0.15,0.12,0.18,True,False,,day10_format_control,real/real_014,original,,.jpg,,,success,
data\test_images\real\real_015.jpg,real_015.jpg,real,0.202338,ai,ai,0.15,0.12,0.18,False,True,False,day10_format_control,real/real_015,original,,.jpg,,,success,
data\test_images\real\real_016.jpg,real_016.jpg,real,0.096813,real,real,0.15,0.12,0.18,True,True,True,day10_format_control,real/real_016,original,,.jpg,,,success,
data\test_images\real\real_017.jpg,real_017.jpg,real,0.147026,real,uncertain,0.15,0.12,0.18,True,False,,day10_format_control,real/real_017,original,,.jpg,,,success,
data\test_images\real\real_018.jpg,real_018.jpg,real,0.098813,real,real,0.15,0.12,0.18,True,True,True,day10_format_control,real/real_018,original,,.jpg,,,success,
data\test_images\real\real_019.jpg,real_019.jpg,real,0.170343,ai,uncertain,0.15,0.12,0.18,False,False,,day10_format_control,real/real_019,original,,.jpg,,,success,
data\test_images\real\real_020.jpg,real_020.jpg,real,0.112877,real,real,0.15,0.12,0.18,True,True,True,day10_format_control,real/real_020,original,,.jpg,,,success,
data\test_images\real\real_021.jpg,real_021.jpg,real,0.174747,ai,uncertain,0.15,0.12,0.18,False,False,,day10_format_control,real/real_021,original,,.jpg,,,success,
data\test_images\real\real_022.jpg,real_022.jpg,real,0.22562,ai,ai,0.15,0.12,0.18,False,True,False,day10_format_control,real/real_022,original,,.jpg,,,success,
data\test_images\real\real_023.jpg,real_023.jpg,real,0.179521,ai,uncertain,0.15,0.12,0.18,False,False,,day10_format_control,real/real_023,original,,.jpg,,,success,
data\test_images\real\real_024.jpg,real_024.jpg,real,0.142203,real,uncertain,0.15,0.12,0.18,True,False,,day10_format_control,real/real_024,original,,.jpg,,,success,
data\test_images\real\real_025.jpg,real_025.jpg,real,0.21773,ai,ai,0.15,0.12,0.18,False,True,False,day10_format_control,real/real_025,original,,.jpg,,,success,
data\test_images\real\real_026.jpg,real_026.jpg,real,0.196612,ai,ai,0.15,0.12,0.18,False,True,False,day10_format_control,real/real_026,original,,.jpg,,,success,
data\test_images\real\real_027.jpg,real_027.jpg,real,0.262199,ai,ai,0.15,0.12,0.18,False,True,False,day10_format_control,real/real_027,original,,.jpg,,,success,
data\test_images\real\real_028.jpg,real_028.jpg,real,0.262213,ai,ai,0.15,0.12,0.18,False,True,False,day10_format_control,real/real_028,original,,.jpg,,,success,
data\test_images\real\real_029.jpg,real_029.jpg,real,0.160616,ai,uncertain,0.15,0.12,0.18,False,False,,day10_format_control,real/real_029,original,,.jpg,,,success,
data\test_images\real\real_030.jpg,real_030.jpg,real,0.228971,ai,ai,0.15,0.12,0.18,False,True,False,day10_format_control,real/real_030,original,,.jpg,,,success,
data\day10_format_control\real\png\real_001__png.png,real_001__png.png,real,0.20875,ai,ai,0.15,0.12,0.18,False,True,False,day10_format_control,real/real_001,png,,.png,,,success,
data\day10_format_control\real\png\real_002__png.png,real_002__png.png,real,0.196118,ai,ai,0.15,0.12,0.18,False,True,False,day10_format_control,real/real_002,png,,.png,,,success,
data\day10_format_control\real\png\real_003__png.png,real_003__png.png,real,0.136728,real,uncertain,0.15,0.12,0.18,True,False,,day10_format_control,real/real_003,png,,.png,,,success,
data\day10_format_control\real\png\real_004__png.png,real_004__png.png,real,0.22043,ai,ai,0.15,0.12,0.18,False,True,False,day10_format_control,real/real_004,png,,.png,,,success,
data\day10_format_control\real\png\real_005__png.png,real_005__png.png,real,0.230967,ai,ai,0.15,0.12,0.18,False,True,False,day10_format_control,real/real_005,png,,.png,,,success,
data\day10_format_control\real\png\real_006__png.png,real_006__png.png,real,0.168431,ai,uncertain,0.15,0.12,0.18,False,False,,day10_format_control,real/real_006,png,,.png,,,success,
data\day10_format_control\real\png\real_007__png.png,real_007__png.png,real,0.149748,real,uncertain,0.15,0.12,0.18,True,False,,day10_format_control,real/real_007,png,,.png,,,success,
data\day10_format_control\real\png\real_008__png.png,real_008__png.png,real,0.138845,real,uncertain,0.15,0.12,0.18,True,False,,day10_format_control,real/real_008,png,,.png,,,success,
data\day10_format_control\real\png\real_009__png.png,real_009__png.png,real,0.141916,real,uncertain,0.15,0.12,0.18,True,False,,day10_format_control,real/real_009,png,,.png,,,success,
data\day10_format_control\real\png\real_010__png.png,real_010__png.png,real,0.202471,ai,ai,0.15,0.12,0.18,False,True,False,day10_format_control,real/real_010,png,,.png,,,success,
data\day10_format_control\real\png\real_011__png.png,real_011__png.png,real,0.155519,ai,uncertain,0.15,0.12,0.18,False,False,,day10_format_control,real/real_011,png,,.png,,,success,
data\day10_format_control\real\png\real_012__png.png,real_012__png.png,real,0.128035,real,uncertain,0.15,0.12,0.18,True,False,,day10_format_control,real/real_012,png,,.png,,,success,
data\day10_format_control\real\png\real_013__png.png,real_013__png.png,real,0.232756,ai,ai,0.15,0.12,0.18,False,True,False,day10_format_control,real/real_013,png,,.png,,,success,
data\day10_format_control\real\png\real_014__png.png,real_014__png.png,real,0.139664,real,uncertain,0.15,0.12,0.18,True,False,,day10_format_control,real/real_014,png,,.png,,,success,
data\day10_format_control\real\png\real_015__png.png,real_015__png.png,real,0.212012,ai,ai,0.15,0.12,0.18,False,True,False,day10_format_control,real/real_015,png,,.png,,,success,
data\day10_format_control\real\png\real_016__png.png,real_016__png.png,real,0.107142,real,real,0.15,0.12,0.18,True,True,True,day10_format_control,real/real_016,png,,.png,,,success,
data\day10_format_control\real\png\real_017__png.png,real_017__png.png,real,0.156504,ai,uncertain,0.15,0.12,0.18,False,False,,day10_format_control,real/real_017,png,,.png,,,success,
data\day10_format_control\real\png\real_018__png.png,real_018__png.png,real,0.108538,real,real,0.15,0.12,0.18,True,True,True,day10_format_control,real/real_018,png,,.png,,,success,
data\day10_format_control\real\png\real_019__png.png,real_019__png.png,real,0.179811,ai,uncertain,0.15,0.12,0.18,False,False,,day10_format_control,real/real_019,png,,.png,,,success,
data\day10_format_control\real\png\real_020__png.png,real_020__png.png,real,0.123578,real,uncertain,0.15,0.12,0.18,True,False,,day10_format_control,real/real_020,png,,.png,,,success,
data\day10_format_control\real\png\real_021__png.png,real_021__png.png,real,0.176195,ai,uncertain,0.15,0.12,0.18,False,False,,day10_format_control,real/real_021,png,,.png,,,success,
data\day10_format_control\real\png\real_022__png.png,real_022__png.png,real,0.225534,ai,ai,0.15,0.12,0.18,False,True,False,day10_format_control,real/real_022,png,,.png,,,success,
data\day10_format_control\real\png\real_023__png.png,real_023__png.png,real,0.179712,ai,uncertain,0.15,0.12,0.18,False,False,,day10_format_control,real/real_023,png,,.png,,,success,
data\day10_format_control\real\png\real_024__png.png,real_024__png.png,real,0.142224,real,uncertain,0.15,0.12,0.18,True,False,,day10_format_control,real/real_024,png,,.png,,,success,
data\day10_format_control\real\png\real_025__png.png,real_025__png.png,real,0.217722,ai,ai,0.15,0.12,0.18,False,True,False,day10_format_control,real/real_025,png,,.png,,,success,
data\day10_format_control\real\png\real_026__png.png,real_026__png.png,real,0.196639,ai,ai,0.15,0.12,0.18,False,True,False,day10_format_control,real/real_026,png,,.png,,,success,
data\day10_format_control\real\png\real_027__png.png,real_027__png.png,real,0.262196,ai,ai,0.15,0.12,0.18,False,True,False,day10_format_control,real/real_027,png,,.png,,,success,
data\day10_format_control\real\png\real_028__png.png,real_028__png.png,real,0.262177,ai,ai,0.15,0.12,0.18,False,True,False,day10_format_control,real/real_028,png,,.png,,,success,
data\day10_format_control\real\png\real_029__png.png,real_029__png.png,real,0.16078,ai,uncertain,0.15,0.12,0.18,False,False,,day10_format_control,real/real_029,png,,.png,,,success,
data\day10_format_control\real\png\real_030__png.png,real_030__png.png,real,0.238395,ai,ai,0.15,0.12,0.18,False,True,False,day10_format_control,real/real_030,png,,.png,,,success,
data\day10_format_control\real\jpeg_q95\real_001__jpeg_q95.jpg,real_001__jpeg_q95.jpg,real,0.209142,ai,ai,0.15,0.12,0.18,False,True,False,day10_format_control,real/real_001,jpeg_q95,,.jpg,,,success,
data\day10_format_control\real\jpeg_q95\real_002__jpeg_q95.jpg,real_002__jpeg_q95.jpg,real,0.197352,ai,ai,0.15,0.12,0.18,False,True,False,day10_format_control,real/real_002,jpeg_q95,,.jpg,,,success,
data\day10_format_control\real\jpeg_q95\real_003__jpeg_q95.jpg,real_003__jpeg_q95.jpg,real,0.137641,real,uncertain,0.15,0.12,0.18,True,False,,day10_format_control,real/real_003,jpeg_q95,,.jpg,,,success,
data\day10_format_control\real\jpeg_q95\real_004__jpeg_q95.jpg,real_004__jpeg_q95.jpg,real,0.219811,ai,ai,0.15,0.12,0.18,False,True,False,day10_format_control,real/real_004,jpeg_q95,,.jpg,,,success,
data\day10_format_control\real\jpeg_q95\real_005__jpeg_q95.jpg,real_005__jpeg_q95.jpg,real,0.236629,ai,ai,0.15,0.12,0.18,False,True,False,day10_format_control,real/real_005,jpeg_q95,,.jpg,,,success,
data\day10_format_control\real\jpeg_q95\real_006__jpeg_q95.jpg,real_006__jpeg_q95.jpg,real,0.167258,ai,uncertain,0.15,0.12,0.18,False,False,,day10_format_control,real/real_006,jpeg_q95,,.jpg,,,success,
data\day10_format_control\real\jpeg_q95\real_007__jpeg_q95.jpg,real_007__jpeg_q95.jpg,real,0.150477,ai,uncertain,0.15,0.12,0.18,False,False,,day10_format_control,real/real_007,jpeg_q95,,.jpg,,,success,
data\day10_format_control\real\jpeg_q95\real_008__jpeg_q95.jpg,real_008__jpeg_q95.jpg,real,0.139452,real,uncertain,0.15,0.12,0.18,True,False,,day10_format_control,real/real_008,jpeg_q95,,.jpg,,,success,
data\day10_format_control\real\jpeg_q95\real_009__jpeg_q95.jpg,real_009__jpeg_q95.jpg,real,0.141766,real,uncertain,0.15,0.12,0.18,True,False,,day10_format_control,real/real_009,jpeg_q95,,.jpg,,,success,
data\day10_format_control\real\jpeg_q95\real_010__jpeg_q95.jpg,real_010__jpeg_q95.jpg,real,0.20231,ai,ai,0.15,0.12,0.18,False,True,False,day10_format_control,real/real_010,jpeg_q95,,.jpg,,,success,
data\day10_format_control\real\jpeg_q95\real_011__jpeg_q95.jpg,real_011__jpeg_q95.jpg,real,0.159996,ai,uncertain,0.15,0.12,0.18,False,False,,day10_format_control,real/real_011,jpeg_q95,,.jpg,,,success,
data\day10_format_control\real\jpeg_q95\real_012__jpeg_q95.jpg,real_012__jpeg_q95.jpg,real,0.132429,real,uncertain,0.15,0.12,0.18,True,False,,day10_format_control,real/real_012,jpeg_q95,,.jpg,,,success,
data\day10_format_control\real\jpeg_q95\real_013__jpeg_q95.jpg,real_013__jpeg_q95.jpg,real,0.241672,ai,ai,0.15,0.12,0.18,False,True,False,day10_format_control,real/real_013,jpeg_q95,,.jpg,,,success,
data\day10_format_control\real\jpeg_q95\real_014__jpeg_q95.jpg,real_014__jpeg_q95.jpg,real,0.142036,real,uncertain,0.15,0.12,0.18,True,False,,day10_format_control,real/real_014,jpeg_q95,,.jpg,,,success,
data\day10_format_control\real\jpeg_q95\real_015__jpeg_q95.jpg,real_015__jpeg_q95.jpg,real,0.215579,ai,ai,0.15,0.12,0.18,False,True,False,day10_format_control,real/real_015,jpeg_q95,,.jpg,,,success,
data\day10_format_control\real\jpeg_q95\real_016__jpeg_q95.jpg,real_016__jpeg_q95.jpg,real,0.112925,real,real,0.15,0.12,0.18,True,True,True,day10_format_control,real/real_016,jpeg_q95,,.jpg,,,success,
data\day10_format_control\real\jpeg_q95\real_017__jpeg_q95.jpg,real_017__jpeg_q95.jpg,real,0.161084,ai,uncertain,0.15,0.12,0.18,False,False,,day10_format_control,real/real_017,jpeg_q95,,.jpg,,,success,
data\day10_format_control\real\jpeg_q95\real_018__jpeg_q95.jpg,real_018__jpeg_q95.jpg,real,0.115923,real,real,0.15,0.12,0.18,True,True,True,day10_format_control,real/real_018,jpeg_q95,,.jpg,,,success,
data\day10_format_control\real\jpeg_q95\real_019__jpeg_q95.jpg,real_019__jpeg_q95.jpg,real,0.183162,ai,ai,0.15,0.12,0.18,False,True,False,day10_format_control,real/real_019,jpeg_q95,,.jpg,,,success,
data\day10_format_control\real\jpeg_q95\real_020__jpeg_q95.jpg,real_020__jpeg_q95.jpg,real,0.128051,real,uncertain,0.15,0.12,0.18,True,False,,day10_format_control,real/real_020,jpeg_q95,,.jpg,,,success,
data\day10_format_control\real\jpeg_q95\real_021__jpeg_q95.jpg,real_021__jpeg_q95.jpg,real,0.174867,ai,uncertain,0.15,0.12,0.18,False,False,,day10_format_control,real/real_021,jpeg_q95,,.jpg,,,success,
data\day10_format_control\real\jpeg_q95\real_022__jpeg_q95.jpg,real_022__jpeg_q95.jpg,real,0.226254,ai,ai,0.15,0.12,0.18,False,True,False,day10_format_control,real/real_022,jpeg_q95,,.jpg,,,success,
data\day10_format_control\real\jpeg_q95\real_023__jpeg_q95.jpg,real_023__jpeg_q95.jpg,real,0.180128,ai,ai,0.15,0.12,0.18,False,True,False,day10_format_control,real/real_023,jpeg_q95,,.jpg,,,success,
data\day10_format_control\real\jpeg_q95\real_024__jpeg_q95.jpg,real_024__jpeg_q95.jpg,real,0.142521,real,uncertain,0.15,0.12,0.18,True,False,,day10_format_control,real/real_024,jpeg_q95,,.jpg,,,success,
data\day10_format_control\real\jpeg_q95\real_025__jpeg_q95.jpg,real_025__jpeg_q95.jpg,real,0.218864,ai,ai,0.15,0.12,0.18,False,True,False,day10_format_control,real/real_025,jpeg_q95,,.jpg,,,success,
data\day10_format_control\real\jpeg_q95\real_026__jpeg_q95.jpg,real_026__jpeg_q95.jpg,real,0.197987,ai,ai,0.15,0.12,0.18,False,True,False,day10_format_control,real/real_026,jpeg_q95,,.jpg,,,success,
data\day10_format_control\real\jpeg_q95\real_027__jpeg_q95.jpg,real_027__jpeg_q95.jpg,real,0.263384,ai,ai,0.15,0.12,0.18,False,True,False,day10_format_control,real/real_027,jpeg_q95,,.jpg,,,success,
data\day10_format_control\real\jpeg_q95\real_028__jpeg_q95.jpg,real_028__jpeg_q95.jpg,real,0.263238,ai,ai,0.15,0.12,0.18,False,True,False,day10_format_control,real/real_028,jpeg_q95,,.jpg,,,success,
data\day10_format_control\real\jpeg_q95\real_029__jpeg_q95.jpg,real_029__jpeg_q95.jpg,real,0.160935,ai,uncertain,0.15,0.12,0.18,False,False,,day10_format_control,real/real_029,jpeg_q95,,.jpg,,,success,
data\day10_format_control\real\jpeg_q95\real_030__jpeg_q95.jpg,real_030__jpeg_q95.jpg,real,0.238879,ai,ai,0.15,0.12,0.18,False,True,False,day10_format_control,real/real_030,jpeg_q95,,.jpg,,,success,
data\day10_format_control\real\jpeg_q85\real_001__jpeg_q85.jpg,real_001__jpeg_q85.jpg,real,0.208736,ai,ai,0.15,0.12,0.18,False,True,False,day10_format_control,real/real_001,jpeg_q85,,.jpg,,,success,
data\day10_format_control\real\jpeg_q85\real_002__jpeg_q85.jpg,real_002__jpeg_q85.jpg,real,0.205675,ai,ai,0.15,0.12,0.18,False,True,False,day10_format_control,real/real_002,jpeg_q85,,.jpg,,,success,
data\day10_format_control\real\jpeg_q85\real_003__jpeg_q85.jpg,real_003__jpeg_q85.jpg,real,0.144328,real,uncertain,0.15,0.12,0.18,True,False,,day10_format_control,real/real_003,jpeg_q85,,.jpg,,,success,
data\day10_format_control\real\jpeg_q85\real_004__jpeg_q85.jpg,real_004__jpeg_q85.jpg,real,0.224139,ai,ai,0.15,0.12,0.18,False,True,False,day10_format_control,real/real_004,jpeg_q85,,.jpg,,,success,
data\day10_format_control\real\jpeg_q85\real_005__jpeg_q85.jpg,real_005__jpeg_q85.jpg,real,0.235324,ai,ai,0.15,0.12,0.18,False,True,False,day10_format_control,real/real_005,jpeg_q85,,.jpg,,,success,
data\day10_format_control\real\jpeg_q85\real_006__jpeg_q85.jpg,real_006__jpeg_q85.jpg,real,0.127811,real,uncertain,0.15,0.12,0.18,True,False,,day10_format_control,real/real_006,jpeg_q85,,.jpg,,,success,
data\day10_format_control\real\jpeg_q85\real_007__jpeg_q85.jpg,real_007__jpeg_q85.jpg,real,0.159121,ai,uncertain,0.15,0.12,0.18,False,False,,day10_format_control,real/real_007,jpeg_q85,,.jpg,,,success,
data\day10_format_control\real\jpeg_q85\real_008__jpeg_q85.jpg,real_008__jpeg_q85.jpg,real,0.147639,real,uncertain,0.15,0.12,0.18,True,False,,day10_format_control,real/real_008,jpeg_q85,,.jpg,,,success,
data\day10_format_control\real\jpeg_q85\real_009__jpeg_q85.jpg,real_009__jpeg_q85.jpg,real,0.146461,real,uncertain,0.15,0.12,0.18,True,False,,day10_format_control,real/real_009,jpeg_q85,,.jpg,,,success,
data\day10_format_control\real\jpeg_q85\real_010__jpeg_q85.jpg,real_010__jpeg_q85.jpg,real,0.206877,ai,ai,0.15,0.12,0.18,False,True,False,day10_format_control,real/real_010,jpeg_q85,,.jpg,,,success,
data\day10_format_control\real\jpeg_q85\real_011__jpeg_q85.jpg,real_011__jpeg_q85.jpg,real,0.158187,ai,uncertain,0.15,0.12,0.18,False,False,,day10_format_control,real/real_011,jpeg_q85,,.jpg,,,success,
data\day10_format_control\real\jpeg_q85\real_012__jpeg_q85.jpg,real_012__jpeg_q85.jpg,real,0.131099,real,uncertain,0.15,0.12,0.18,True,False,,day10_format_control,real/real_012,jpeg_q85,,.jpg,,,success,
data\day10_format_control\real\jpeg_q85\real_013__jpeg_q85.jpg,real_013__jpeg_q85.jpg,real,0.237904,ai,ai,0.15,0.12,0.18,False,True,False,day10_format_control,real/real_013,jpeg_q85,,.jpg,,,success,
data\day10_format_control\real\jpeg_q85\real_014__jpeg_q85.jpg,real_014__jpeg_q85.jpg,real,0.143082,real,uncertain,0.15,0.12,0.18,True,False,,day10_format_control,real/real_014,jpeg_q85,,.jpg,,,success,
data\day10_format_control\real\jpeg_q85\real_015__jpeg_q85.jpg,real_015__jpeg_q85.jpg,real,0.214522,ai,ai,0.15,0.12,0.18,False,True,False,day10_format_control,real/real_015,jpeg_q85,,.jpg,,,success,
data\day10_format_control\real\jpeg_q85\real_016__jpeg_q85.jpg,real_016__jpeg_q85.jpg,real,0.110695,real,real,0.15,0.12,0.18,True,True,True,day10_format_control,real/real_016,jpeg_q85,,.jpg,,,success,
data\day10_format_control\real\jpeg_q85\real_017__jpeg_q85.jpg,real_017__jpeg_q85.jpg,real,0.158919,ai,uncertain,0.15,0.12,0.18,False,False,,day10_format_control,real/real_017,jpeg_q85,,.jpg,,,success,
data\day10_format_control\real\jpeg_q85\real_018__jpeg_q85.jpg,real_018__jpeg_q85.jpg,real,0.113528,real,real,0.15,0.12,0.18,True,True,True,day10_format_control,real/real_018,jpeg_q85,,.jpg,,,success,
data\day10_format_control\real\jpeg_q85\real_019__jpeg_q85.jpg,real_019__jpeg_q85.jpg,real,0.182303,ai,ai,0.15,0.12,0.18,False,True,False,day10_format_control,real/real_019,jpeg_q85,,.jpg,,,success,
data\day10_format_control\real\jpeg_q85\real_020__jpeg_q85.jpg,real_020__jpeg_q85.jpg,real,0.126609,real,uncertain,0.15,0.12,0.18,True,False,,day10_format_control,real/real_020,jpeg_q85,,.jpg,,,success,
data\day10_format_control\real\jpeg_q85\real_021__jpeg_q85.jpg,real_021__jpeg_q85.jpg,real,0.171654,ai,uncertain,0.15,0.12,0.18,False,False,,day10_format_control,real/real_021,jpeg_q85,,.jpg,,,success,
data\day10_format_control\real\jpeg_q85\real_022__jpeg_q85.jpg,real_022__jpeg_q85.jpg,real,0.2316,ai,ai,0.15,0.12,0.18,False,True,False,day10_format_control,real/real_022,jpeg_q85,,.jpg,,,success,
data\day10_format_control\real\jpeg_q85\real_023__jpeg_q85.jpg,real_023__jpeg_q85.jpg,real,0.1874,ai,ai,0.15,0.12,0.18,False,True,False,day10_format_control,real/real_023,jpeg_q85,,.jpg,,,success,
data\day10_format_control\real\jpeg_q85\real_024__jpeg_q85.jpg,real_024__jpeg_q85.jpg,real,0.147461,real,uncertain,0.15,0.12,0.18,True,False,,day10_format_control,real/real_024,jpeg_q85,,.jpg,,,success,
data\day10_format_control\real\jpeg_q85\real_025__jpeg_q85.jpg,real_025__jpeg_q85.jpg,real,0.226107,ai,ai,0.15,0.12,0.18,False,True,False,day10_format_control,real/real_025,jpeg_q85,,.jpg,,,success,
data\day10_format_control\real\jpeg_q85\real_026__jpeg_q85.jpg,real_026__jpeg_q85.jpg,real,0.207117,ai,ai,0.15,0.12,0.18,False,True,False,day10_format_control,real/real_026,jpeg_q85,,.jpg,,,success,
data\day10_format_control\real\jpeg_q85\real_027__jpeg_q85.jpg,real_027__jpeg_q85.jpg,real,0.270444,ai,ai,0.15,0.12,0.18,False,True,False,day10_format_control,real/real_027,jpeg_q85,,.jpg,,,success,
data\day10_format_control\real\jpeg_q85\real_028__jpeg_q85.jpg,real_028__jpeg_q85.jpg,real,0.269718,ai,ai,0.15,0.12,0.18,False,True,False,day10_format_control,real/real_028,jpeg_q85,,.jpg,,,success,
data\day10_format_control\real\jpeg_q85\real_029__jpeg_q85.jpg,real_029__jpeg_q85.jpg,real,0.163885,ai,uncertain,0.15,0.12,0.18,False,False,,day10_format_control,real/real_029,jpeg_q85,,.jpg,,,success,
data\day10_format_control\real\jpeg_q85\real_030__jpeg_q85.jpg,real_030__jpeg_q85.jpg,real,0.238359,ai,ai,0.15,0.12,0.18,False,True,False,day10_format_control,real/real_030,jpeg_q85,,.jpg,,,success,
data\day11_resolution_control\ai\long_edge_1024\ai_001__long_edge_1024.png,ai_001__long_edge_1024.png,ai,0.175948,ai,uncertain,0.15,0.12,0.18,True,False,,day11_resolution_control,ai/ai_001,,long_edge_1024,.png,1024,768,success,
data\day11_resolution_control\ai\long_edge_512\ai_001__long_edge_512.png,ai_001__long_edge_512.png,ai,0.187603,ai,ai,0.15,0.12,0.18,True,True,True,day11_resolution_control,ai/ai_001,,long_edge_512,.png,512,384,success,
data\day11_resolution_control\ai\long_edge_1024\ai_002__long_edge_1024.png,ai_002__long_edge_1024.png,ai,0.229572,ai,ai,0.15,0.12,0.18,True,True,True,day11_resolution_control,ai/ai_002,,long_edge_1024,.png,1024,768,success,
data\day11_resolution_control\ai\long_edge_512\ai_002__long_edge_512.png,ai_002__long_edge_512.png,ai,0.215638,ai,ai,0.15,0.12,0.18,True,True,True,day11_resolution_control,ai/ai_002,,long_edge_512,.png,512,384,success,
data\day11_resolution_control\ai\long_edge_1024\ai_003__long_edge_1024.png,ai_003__long_edge_1024.png,ai,0.195755,ai,ai,0.15,0.12,0.18,True,True,True,day11_resolution_control,ai/ai_003,,long_edge_1024,.png,1024,768,success,
data\day11_resolution_control\ai\long_edge_512\ai_003__long_edge_512.png,ai_003__long_edge_512.png,ai,0.196122,ai,ai,0.15,0.12,0.18,True,True,True,day11_resolution_control,ai/ai_003,,long_edge_512,.png,512,384,success,
data\day11_resolution_control\ai\long_edge_1024\ai_004__long_edge_1024.png,ai_004__long_edge_1024.png,ai,0.181103,ai,ai,0.15,0.12,0.18,True,True,True,day11_resolution_control,ai/ai_004,,long_edge_1024,.png,1024,768,success,
data\day11_resolution_control\ai\long_edge_512\ai_004__long_edge_512.png,ai_004__long_edge_512.png,ai,0.17902,ai,uncertain,0.15,0.12,0.18,True,False,,day11_resolution_control,ai/ai_004,,long_edge_512,.png,512,384,success,
data\day11_resolution_control\ai\long_edge_1024\ai_005__long_edge_1024.png,ai_005__long_edge_1024.png,ai,0.157437,ai,uncertain,0.15,0.12,0.18,True,False,,day11_resolution_control,ai/ai_005,,long_edge_1024,.png,819,1024,success,
data\day11_resolution_control\ai\long_edge_512\ai_005__long_edge_512.png,ai_005__long_edge_512.png,ai,0.159033,ai,uncertain,0.15,0.12,0.18,True,False,,day11_resolution_control,ai/ai_005,,long_edge_512,.png,410,512,success,
data\day11_resolution_control\ai\long_edge_1024\ai_006__long_edge_1024.png,ai_006__long_edge_1024.png,ai,0.202642,ai,ai,0.15,0.12,0.18,True,True,True,day11_resolution_control,ai/ai_006,,long_edge_1024,.png,1024,768,success,
data\day11_resolution_control\ai\long_edge_512\ai_006__long_edge_512.png,ai_006__long_edge_512.png,ai,0.20153,ai,ai,0.15,0.12,0.18,True,True,True,day11_resolution_control,ai/ai_006,,long_edge_512,.png,512,384,success,
data\day11_resolution_control\ai\long_edge_1024\ai_007__long_edge_1024.png,ai_007__long_edge_1024.png,ai,0.209765,ai,ai,0.15,0.12,0.18,True,True,True,day11_resolution_control,ai/ai_007,,long_edge_1024,.png,1024,768,success,
data\day11_resolution_control\ai\long_edge_512\ai_007__long_edge_512.png,ai_007__long_edge_512.png,ai,0.2061,ai,ai,0.15,0.12,0.18,True,True,True,day11_resolution_control,ai/ai_007,,long_edge_512,.png,512,384,success,
data\day11_resolution_control\ai\long_edge_1024\ai_008__long_edge_1024.png,ai_008__long_edge_1024.png,ai,0.202209,ai,ai,0.15,0.12,0.18,True,True,True,day11_resolution_control,ai/ai_008,,long_edge_1024,.png,1024,768,success,
data\day11_resolution_control\ai\long_edge_512\ai_008__long_edge_512.png,ai_008__long_edge_512.png,ai,0.203626,ai,ai,0.15,0.12,0.18,True,True,True,day11_resolution_control,ai/ai_008,,long_edge_512,.png,512,384,success,
data\day11_resolution_control\ai\long_edge_1024\ai_009__long_edge_1024.png,ai_009__long_edge_1024.png,ai,0.222202,ai,ai,0.15,0.12,0.18,True,True,True,day11_resolution_control,ai/ai_009,,long_edge_1024,.png,1024,768,success,
data\day11_resolution_control\ai\long_edge_512\ai_009__long_edge_512.png,ai_009__long_edge_512.png,ai,0.226767,ai,ai,0.15,0.12,0.18,True,True,True,day11_resolution_control,ai/ai_009,,long_edge_512,.png,512,384,success,
data\day11_resolution_control\ai\long_edge_1024\ai_010__long_edge_1024.png,ai_010__long_edge_1024.png,ai,0.155846,ai,uncertain,0.15,0.12,0.18,True,False,,day11_resolution_control,ai/ai_010,,long_edge_1024,.png,819,1024,success,
data\day11_resolution_control\ai\long_edge_512\ai_010__long_edge_512.png,ai_010__long_edge_512.png,ai,0.147666,real,uncertain,0.15,0.12,0.18,False,False,,day11_resolution_control,ai/ai_010,,long_edge_512,.png,410,512,success,
data\day11_resolution_control\ai\long_edge_1024\ai_011__long_edge_1024.png,ai_011__long_edge_1024.png,ai,0.143011,real,uncertain,0.15,0.12,0.18,False,False,,day11_resolution_control,ai/ai_011,,long_edge_1024,.png,1024,768,success,
data\day11_resolution_control\ai\long_edge_512\ai_011__long_edge_512.png,ai_011__long_edge_512.png,ai,0.147183,real,uncertain,0.15,0.12,0.18,False,False,,day11_resolution_control,ai/ai_011,,long_edge_512,.png,512,384,success,
data\day11_resolution_control\ai\long_edge_1024\ai_012__long_edge_1024.png,ai_012__long_edge_1024.png,ai,0.195981,ai,ai,0.15,0.12,0.18,True,True,True,day11_resolution_control,ai/ai_012,,long_edge_1024,.png,1024,768,success,
data\day11_resolution_control\ai\long_edge_512\ai_012__long_edge_512.png,ai_012__long_edge_512.png,ai,0.202726,ai,ai,0.15,0.12,0.18,True,True,True,day11_resolution_control,ai/ai_012,,long_edge_512,.png,512,384,success,
data\day11_resolution_control\ai\long_edge_1024\ai_013__long_edge_1024.png,ai_013__long_edge_1024.png,ai,0.146982,real,uncertain,0.15,0.12,0.18,False,False,,day11_resolution_control,ai/ai_013,,long_edge_1024,.png,1024,768,success,
data\day11_resolution_control\ai\long_edge_512\ai_013__long_edge_512.png,ai_013__long_edge_512.png,ai,0.159404,ai,uncertain,0.15,0.12,0.18,True,False,,day11_resolution_control,ai/ai_013,,long_edge_512,.png,512,384,success,
data\day11_resolution_control\ai\long_edge_1024\ai_014__long_edge_1024.png,ai_014__long_edge_1024.png,ai,0.158611,ai,uncertain,0.15,0.12,0.18,True,False,,day11_resolution_control,ai/ai_014,,long_edge_1024,.png,1024,768,success,
data\day11_resolution_control\ai\long_edge_512\ai_014__long_edge_512.png,ai_014__long_edge_512.png,ai,0.178053,ai,uncertain,0.15,0.12,0.18,True,False,,day11_resolution_control,ai/ai_014,,long_edge_512,.png,512,384,success,
data\day11_resolution_control\ai\long_edge_1024\ai_015__long_edge_1024.png,ai_015__long_edge_1024.png,ai,0.188276,ai,ai,0.15,0.12,0.18,True,True,True,day11_resolution_control,ai/ai_015,,long_edge_1024,.png,1024,768,success,
data\day11_resolution_control\ai\long_edge_512\ai_015__long_edge_512.png,ai_015__long_edge_512.png,ai,0.213669,ai,ai,0.15,0.12,0.18,True,True,True,day11_resolution_control,ai/ai_015,,long_edge_512,.png,512,384,success,
data\day11_resolution_control\ai\long_edge_1024\ai_016__long_edge_1024.png,ai_016__long_edge_1024.png,ai,0.185331,ai,ai,0.15,0.12,0.18,True,True,True,day11_resolution_control,ai/ai_016,,long_edge_1024,.png,1024,768,success,
data\day11_resolution_control\ai\long_edge_512\ai_016__long_edge_512.png,ai_016__long_edge_512.png,ai,0.184667,ai,ai,0.15,0.12,0.18,True,True,True,day11_resolution_control,ai/ai_016,,long_edge_512,.png,512,384,success,
data\day11_resolution_control\ai\long_edge_1024\ai_017__long_edge_1024.png,ai_017__long_edge_1024.png,ai,0.169103,ai,uncertain,0.15,0.12,0.18,True,False,,day11_resolution_control,ai/ai_017,,long_edge_1024,.png,1024,768,success,
data\day11_resolution_control\ai\long_edge_512\ai_017__long_edge_512.png,ai_017__long_edge_512.png,ai,0.158547,ai,uncertain,0.15,0.12,0.18,True,False,,day11_resolution_control,ai/ai_017,,long_edge_512,.png,512,384,success,
data\day11_resolution_control\ai\long_edge_1024\ai_018__long_edge_1024.png,ai_018__long_edge_1024.png,ai,0.225646,ai,ai,0.15,0.12,0.18,True,True,True,day11_resolution_control,ai/ai_018,,long_edge_1024,.png,1024,768,success,
data\day11_resolution_control\ai\long_edge_512\ai_018__long_edge_512.png,ai_018__long_edge_512.png,ai,0.236956,ai,ai,0.15,0.12,0.18,True,True,True,day11_resolution_control,ai/ai_018,,long_edge_512,.png,512,384,success,
data\day11_resolution_control\ai\long_edge_1024\ai_019__long_edge_1024.png,ai_019__long_edge_1024.png,ai,0.208118,ai,ai,0.15,0.12,0.18,True,True,True,day11_resolution_control,ai/ai_019,,long_edge_1024,.png,1024,768,success,
data\day11_resolution_control\ai\long_edge_512\ai_019__long_edge_512.png,ai_019__long_edge_512.png,ai,0.193029,ai,ai,0.15,0.12,0.18,True,True,True,day11_resolution_control,ai/ai_019,,long_edge_512,.png,512,384,success,
data\day11_resolution_control\ai\long_edge_1024\ai_020__long_edge_1024.png,ai_020__long_edge_1024.png,ai,0.165295,ai,uncertain,0.15,0.12,0.18,True,False,,day11_resolution_control,ai/ai_020,,long_edge_1024,.png,1024,768,success,
data\day11_resolution_control\ai\long_edge_512\ai_020__long_edge_512.png,ai_020__long_edge_512.png,ai,0.168267,ai,uncertain,0.15,0.12,0.18,True,False,,day11_resolution_control,ai/ai_020,,long_edge_512,.png,512,384,success,
data\day11_resolution_control\ai\long_edge_1024\ai_021__long_edge_1024.png,ai_021__long_edge_1024.png,ai,0.125629,real,uncertain,0.15,0.12,0.18,False,False,,day11_resolution_control,ai/ai_021,,long_edge_1024,.png,819,1024,success,
data\day11_resolution_control\ai\long_edge_512\ai_021__long_edge_512.png,ai_021__long_edge_512.png,ai,0.138253,real,uncertain,0.15,0.12,0.18,False,False,,day11_resolution_control,ai/ai_021,,long_edge_512,.png,410,512,success,
data\day11_resolution_control\ai\long_edge_1024\ai_022__long_edge_1024.png,ai_022__long_edge_1024.png,ai,0.204612,ai,ai,0.15,0.12,0.18,True,True,True,day11_resolution_control,ai/ai_022,,long_edge_1024,.png,1024,768,success,
data\day11_resolution_control\ai\long_edge_512\ai_022__long_edge_512.png,ai_022__long_edge_512.png,ai,0.195531,ai,ai,0.15,0.12,0.18,True,True,True,day11_resolution_control,ai/ai_022,,long_edge_512,.png,512,384,success,
data\day11_resolution_control\ai\long_edge_1024\ai_023__long_edge_1024.png,ai_023__long_edge_1024.png,ai,0.223694,ai,ai,0.15,0.12,0.18,True,True,True,day11_resolution_control,ai/ai_023,,long_edge_1024,.png,1024,768,success,
data\day11_resolution_control\ai\long_edge_512\ai_023__long_edge_512.png,ai_023__long_edge_512.png,ai,0.219245,ai,ai,0.15,0.12,0.18,True,True,True,day11_resolution_control,ai/ai_023,,long_edge_512,.png,512,384,success,
data\day11_resolution_control\ai\long_edge_1024\ai_024__long_edge_1024.png,ai_024__long_edge_1024.png,ai,0.146727,real,uncertain,0.15,0.12,0.18,False,False,,day11_resolution_control,ai/ai_024,,long_edge_1024,.png,819,1024,success,
data\day11_resolution_control\ai\long_edge_512\ai_024__long_edge_512.png,ai_024__long_edge_512.png,ai,0.147979,real,uncertain,0.15,0.12,0.18,False,False,,day11_resolution_control,ai/ai_024,,long_edge_512,.png,410,512,success,
data\day11_resolution_control\ai\long_edge_1024\ai_025__long_edge_1024.png,ai_025__long_edge_1024.png,ai,0.160283,ai,uncertain,0.15,0.12,0.18,True,False,,day11_resolution_control,ai/ai_025,,long_edge_1024,.png,1024,768,success,
data\day11_resolution_control\ai\long_edge_512\ai_025__long_edge_512.png,ai_025__long_edge_512.png,ai,0.16779,ai,uncertain,0.15,0.12,0.18,True,False,,day11_resolution_control,ai/ai_025,,long_edge_512,.png,512,384,success,
data\day11_resolution_control\ai\long_edge_1024\ai_026__long_edge_1024.png,ai_026__long_edge_1024.png,ai,0.208369,ai,ai,0.15,0.12,0.18,True,True,True,day11_resolution_control,ai/ai_026,,long_edge_1024,.png,1024,768,success,
data\day11_resolution_control\ai\long_edge_512\ai_026__long_edge_512.png,ai_026__long_edge_512.png,ai,0.185374,ai,ai,0.15,0.12,0.18,True,True,True,day11_resolution_control,ai/ai_026,,long_edge_512,.png,512,384,success,
data\day11_resolution_control\ai\long_edge_1024\ai_027__long_edge_1024.png,ai_027__long_edge_1024.png,ai,0.220112,ai,ai,0.15,0.12,0.18,True,True,True,day11_resolution_control,ai/ai_027,,long_edge_1024,.png,1024,768,success,
data\day11_resolution_control\ai\long_edge_512\ai_027__long_edge_512.png,ai_027__long_edge_512.png,ai,0.20717,ai,ai,0.15,0.12,0.18,True,True,True,day11_resolution_control,ai/ai_027,,long_edge_512,.png,512,384,success,
data\day11_resolution_control\ai\long_edge_1024\ai_028__long_edge_1024.png,ai_028__long_edge_1024.png,ai,0.202806,ai,ai,0.15,0.12,0.18,True,True,True,day11_resolution_control,ai/ai_028,,long_edge_1024,.png,1024,768,success,
data\day11_resolution_control\ai\long_edge_512\ai_028__long_edge_512.png,ai_028__long_edge_512.png,ai,0.20242,ai,ai,0.15,0.12,0.18,True,True,True,day11_resolution_control,ai/ai_028,,long_edge_512,.png,512,384,success,
data\day11_resolution_control\ai\long_edge_1024\ai_029__long_edge_1024.png,ai_029__long_edge_1024.png,ai,0.178818,ai,uncertain,0.15,0.12,0.18,True,False,,day11_resolution_control,ai/ai_029,,long_edge_1024,.png,1024,768,success,
data\day11_resolution_control\ai\long_edge_512\ai_029__long_edge_512.png,ai_029__long_edge_512.png,ai,0.186634,ai,ai,0.15,0.12,0.18,True,True,True,day11_resolution_control,ai/ai_029,,long_edge_512,.png,512,384,success,
data\day11_resolution_control\ai\long_edge_1024\ai_030__long_edge_1024.png,ai_030__long_edge_1024.png,ai,0.217416,ai,ai,0.15,0.12,0.18,True,True,True,day11_resolution_control,ai/ai_030,,long_edge_1024,.png,1024,768,success,
data\day11_resolution_control\ai\long_edge_512\ai_030__long_edge_512.png,ai_030__long_edge_512.png,ai,0.215148,ai,ai,0.15,0.12,0.18,True,True,True,day11_resolution_control,ai/ai_030,,long_edge_512,.png,512,384,success,
data\day11_resolution_control\real\long_edge_1024\real_001__long_edge_1024.jpg,real_001__long_edge_1024.jpg,real,0.216826,ai,ai,0.15,0.12,0.18,False,True,False,day11_resolution_control,real/real_001,,long_edge_1024,.jpg,768,1024,success,
data\day11_resolution_control\real\long_edge_512\real_001__long_edge_512.jpg,real_001__long_edge_512.jpg,real,0.214124,ai,ai,0.15,0.12,0.18,False,True,False,day11_resolution_control,real/real_001,,long_edge_512,.jpg,384,512,success,
data\day11_resolution_control\real\long_edge_1024\real_002__long_edge_1024.jpg,real_002__long_edge_1024.jpg,real,0.221418,ai,ai,0.15,0.12,0.18,False,True,False,day11_resolution_control,real/real_002,,long_edge_1024,.jpg,768,1024,success,
data\day11_resolution_control\real\long_edge_512\real_002__long_edge_512.jpg,real_002__long_edge_512.jpg,real,0.217435,ai,ai,0.15,0.12,0.18,False,True,False,day11_resolution_control,real/real_002,,long_edge_512,.jpg,384,512,success,
data\day11_resolution_control\real\long_edge_1024\real_003__long_edge_1024.jpg,real_003__long_edge_1024.jpg,real,0.155469,ai,uncertain,0.15,0.12,0.18,False,False,,day11_resolution_control,real/real_003,,long_edge_1024,.jpg,768,1024,success,
data\day11_resolution_control\real\long_edge_512\real_003__long_edge_512.jpg,real_003__long_edge_512.jpg,real,0.197644,ai,ai,0.15,0.12,0.18,False,True,False,day11_resolution_control,real/real_003,,long_edge_512,.jpg,384,512,success,
data\day11_resolution_control\real\long_edge_1024\real_004__long_edge_1024.jpg,real_004__long_edge_1024.jpg,real,0.170298,ai,uncertain,0.15,0.12,0.18,False,False,,day11_resolution_control,real/real_004,,long_edge_1024,.jpg,768,1024,success,
data\day11_resolution_control\real\long_edge_512\real_004__long_edge_512.jpg,real_004__long_edge_512.jpg,real,0.114496,real,real,0.15,0.12,0.18,True,True,True,day11_resolution_control,real/real_004,,long_edge_512,.jpg,384,512,success,
data\day11_resolution_control\real\long_edge_1024\real_005__long_edge_1024.jpg,real_005__long_edge_1024.jpg,real,0.137123,real,uncertain,0.15,0.12,0.18,True,False,,day11_resolution_control,real/real_005,,long_edge_1024,.jpg,768,1024,success,
data\day11_resolution_control\real\long_edge_512\real_005__long_edge_512.jpg,real_005__long_edge_512.jpg,real,0.144306,real,uncertain,0.15,0.12,0.18,True,False,,day11_resolution_control,real/real_005,,long_edge_512,.jpg,384,512,success,
data\day11_resolution_control\real\long_edge_1024\real_006__long_edge_1024.jpg,real_006__long_edge_1024.jpg,real,0.127694,real,uncertain,0.15,0.12,0.18,True,False,,day11_resolution_control,real/real_006,,long_edge_1024,.jpg,768,1024,success,
data\day11_resolution_control\real\long_edge_512\real_006__long_edge_512.jpg,real_006__long_edge_512.jpg,real,0.119021,real,real,0.15,0.12,0.18,True,True,True,day11_resolution_control,real/real_006,,long_edge_512,.jpg,384,512,success,
data\day11_resolution_control\real\long_edge_1024\real_007__long_edge_1024.jpg,real_007__long_edge_1024.jpg,real,0.154953,ai,uncertain,0.15,0.12,0.18,False,False,,day11_resolution_control,real/real_007,,long_edge_1024,.jpg,768,1024,success,
data\day11_resolution_control\real\long_edge_512\real_007__long_edge_512.jpg,real_007__long_edge_512.jpg,real,0.165538,ai,uncertain,0.15,0.12,0.18,False,False,,day11_resolution_control,real/real_007,,long_edge_512,.jpg,384,512,success,
data\day11_resolution_control\real\long_edge_1024\real_008__long_edge_1024.jpg,real_008__long_edge_1024.jpg,real,0.144847,real,uncertain,0.15,0.12,0.18,True,False,,day11_resolution_control,real/real_008,,long_edge_1024,.jpg,768,1024,success,
data\day11_resolution_control\real\long_edge_512\real_008__long_edge_512.jpg,real_008__long_edge_512.jpg,real,0.166162,ai,uncertain,0.15,0.12,0.18,False,False,,day11_resolution_control,real/real_008,,long_edge_512,.jpg,384,512,success,
data\day11_resolution_control\real\long_edge_1024\real_009__long_edge_1024.jpg,real_009__long_edge_1024.jpg,real,0.172411,ai,uncertain,0.15,0.12,0.18,False,False,,day11_resolution_control,real/real_009,,long_edge_1024,.jpg,472,1024,success,
data\day11_resolution_control\real\long_edge_512\real_009__long_edge_512.jpg,real_009__long_edge_512.jpg,real,0.18784,ai,ai,0.15,0.12,0.18,False,True,False,day11_resolution_control,real/real_009,,long_edge_512,.jpg,236,512,success,
data\day11_resolution_control\real\long_edge_1024\real_010__long_edge_1024.jpg,real_010__long_edge_1024.jpg,real,0.212267,ai,ai,0.15,0.12,0.18,False,True,False,day11_resolution_control,real/real_010,,long_edge_1024,.jpg,683,1024,success,
data\day11_resolution_control\real\long_edge_512\real_010__long_edge_512.jpg,real_010__long_edge_512.jpg,real,0.204795,ai,ai,0.15,0.12,0.18,False,True,False,day11_resolution_control,real/real_010,,long_edge_512,.jpg,341,512,success,
data\day11_resolution_control\real\long_edge_1024\real_011__long_edge_1024.jpg,real_011__long_edge_1024.jpg,real,0.187066,ai,ai,0.15,0.12,0.18,False,True,False,day11_resolution_control,real/real_011,,long_edge_1024,.jpg,768,1024,success,
data\day11_resolution_control\real\long_edge_512\real_011__long_edge_512.jpg,real_011__long_edge_512.jpg,real,0.167702,ai,uncertain,0.15,0.12,0.18,False,False,,day11_resolution_control,real/real_011,,long_edge_512,.jpg,384,512,success,
data\day11_resolution_control\real\long_edge_1024\real_012__long_edge_1024.jpg,real_012__long_edge_1024.jpg,real,0.172129,ai,uncertain,0.15,0.12,0.18,False,False,,day11_resolution_control,real/real_012,,long_edge_1024,.jpg,768,1024,success,
data\day11_resolution_control\real\long_edge_512\real_012__long_edge_512.jpg,real_012__long_edge_512.jpg,real,0.182694,ai,ai,0.15,0.12,0.18,False,True,False,day11_resolution_control,real/real_012,,long_edge_512,.jpg,384,512,success,
data\day11_resolution_control\real\long_edge_1024\real_013__long_edge_1024.jpg,real_013__long_edge_1024.jpg,real,0.154799,ai,uncertain,0.15,0.12,0.18,False,False,,day11_resolution_control,real/real_013,,long_edge_1024,.jpg,768,1024,success,
data\day11_resolution_control\real\long_edge_512\real_013__long_edge_512.jpg,real_013__long_edge_512.jpg,real,0.1499,real,uncertain,0.15,0.12,0.18,True,False,,day11_resolution_control,real/real_013,,long_edge_512,.jpg,384,512,success,
data\day11_resolution_control\real\long_edge_1024\real_014__long_edge_1024.jpg,real_014__long_edge_1024.jpg,real,0.245953,ai,ai,0.15,0.12,0.18,False,True,False,day11_resolution_control,real/real_014,,long_edge_1024,.jpg,768,1024,success,
data\day11_resolution_control\real\long_edge_512\real_014__long_edge_512.jpg,real_014__long_edge_512.jpg,real,0.234557,ai,ai,0.15,0.12,0.18,False,True,False,day11_resolution_control,real/real_014,,long_edge_512,.jpg,384,512,success,
data\day11_resolution_control\real\long_edge_1024\real_015__long_edge_1024.jpg,real_015__long_edge_1024.jpg,real,0.133884,real,uncertain,0.15,0.12,0.18,True,False,,day11_resolution_control,real/real_015,,long_edge_1024,.jpg,768,1024,success,
data\day11_resolution_control\real\long_edge_512\real_015__long_edge_512.jpg,real_015__long_edge_512.jpg,real,0.14096,real,uncertain,0.15,0.12,0.18,True,False,,day11_resolution_control,real/real_015,,long_edge_512,.jpg,384,512,success,
data\day11_resolution_control\real\long_edge_1024\real_016__long_edge_1024.jpg,real_016__long_edge_1024.jpg,real,0.189164,ai,ai,0.15,0.12,0.18,False,True,False,day11_resolution_control,real/real_016,,long_edge_1024,.jpg,768,1024,success,
data\day11_resolution_control\real\long_edge_512\real_016__long_edge_512.jpg,real_016__long_edge_512.jpg,real,0.2134,ai,ai,0.15,0.12,0.18,False,True,False,day11_resolution_control,real/real_016,,long_edge_512,.jpg,384,512,success,
data\day11_resolution_control\real\long_edge_1024\real_017__long_edge_1024.jpg,real_017__long_edge_1024.jpg,real,0.196179,ai,ai,0.15,0.12,0.18,False,True,False,day11_resolution_control,real/real_017,,long_edge_1024,.jpg,768,1024,success,
data\day11_resolution_control\real\long_edge_512\real_017__long_edge_512.jpg,real_017__long_edge_512.jpg,real,0.211604,ai,ai,0.15,0.12,0.18,False,True,False,day11_resolution_control,real/real_017,,long_edge_512,.jpg,384,512,success,
data\day11_resolution_control\real\long_edge_1024\real_018__long_edge_1024.jpg,real_018__long_edge_1024.jpg,real,0.237563,ai,ai,0.15,0.12,0.18,False,True,False,day11_resolution_control,real/real_018,,long_edge_1024,.jpg,768,1024,success,
data\day11_resolution_control\real\long_edge_512\real_018__long_edge_512.jpg,real_018__long_edge_512.jpg,real,0.245287,ai,ai,0.15,0.12,0.18,False,True,False,day11_resolution_control,real/real_018,,long_edge_512,.jpg,384,512,success,
data\day11_resolution_control\real\long_edge_1024\real_019__long_edge_1024.jpg,real_019__long_edge_1024.jpg,real,0.264113,ai,ai,0.15,0.12,0.18,False,True,False,day11_resolution_control,real/real_019,,long_edge_1024,.jpg,768,1024,success,
data\day11_resolution_control\real\long_edge_512\real_019__long_edge_512.jpg,real_019__long_edge_512.jpg,real,0.253523,ai,ai,0.15,0.12,0.18,False,True,False,day11_resolution_control,real/real_019,,long_edge_512,.jpg,384,512,success,
data\day11_resolution_control\real\long_edge_1024\real_020__long_edge_1024.jpg,real_020__long_edge_1024.jpg,real,0.164224,ai,uncertain,0.15,0.12,0.18,False,False,,day11_resolution_control,real/real_020,,long_edge_1024,.jpg,768,1024,success,
data\day11_resolution_control\real\long_edge_512\real_020__long_edge_512.jpg,real_020__long_edge_512.jpg,real,0.177322,ai,uncertain,0.15,0.12,0.18,False,False,,day11_resolution_control,real/real_020,,long_edge_512,.jpg,384,512,success,
data\day11_resolution_control\real\long_edge_1024\real_021__long_edge_1024.jpg,real_021__long_edge_1024.jpg,real,0.133069,real,uncertain,0.15,0.12,0.18,True,False,,day11_resolution_control,real/real_021,,long_edge_1024,.jpg,576,1024,success,
data\day11_resolution_control\real\long_edge_512\real_021__long_edge_512.jpg,real_021__long_edge_512.jpg,real,0.128059,real,uncertain,0.15,0.12,0.18,True,False,,day11_resolution_control,real/real_021,,long_edge_512,.jpg,288,512,success,
data\day11_resolution_control\real\long_edge_1024\real_022__long_edge_1024.jpg,real_022__long_edge_1024.jpg,real,0.242052,ai,ai,0.15,0.12,0.18,False,True,False,day11_resolution_control,real/real_022,,long_edge_1024,.jpg,472,1024,success,
data\day11_resolution_control\real\long_edge_512\real_022__long_edge_512.jpg,real_022__long_edge_512.jpg,real,0.240435,ai,ai,0.15,0.12,0.18,False,True,False,day11_resolution_control,real/real_022,,long_edge_512,.jpg,236,512,success,
data\day11_resolution_control\real\long_edge_1024\real_023__long_edge_1024.jpg,real_023__long_edge_1024.jpg,real,0.19567,ai,ai,0.15,0.12,0.18,False,True,False,day11_resolution_control,real/real_023,,long_edge_1024,.jpg,472,1024,success,
data\day11_resolution_control\real\long_edge_512\real_023__long_edge_512.jpg,real_023__long_edge_512.jpg,real,0.188485,ai,ai,0.15,0.12,0.18,False,True,False,day11_resolution_control,real/real_023,,long_edge_512,.jpg,236,512,success,
data\day11_resolution_control\real\long_edge_1024\real_024__long_edge_1024.jpg,real_024__long_edge_1024.jpg,real,0.156615,ai,uncertain,0.15,0.12,0.18,False,False,,day11_resolution_control,real/real_024,,long_edge_1024,.jpg,1024,622,success,
data\day11_resolution_control\real\long_edge_512\real_024__long_edge_512.jpg,real_024__long_edge_512.jpg,real,0.201085,ai,ai,0.15,0.12,0.18,False,True,False,day11_resolution_control,real/real_024,,long_edge_512,.jpg,512,311,success,
data\day11_resolution_control\real\long_edge_1024\real_025__long_edge_1024.jpg,real_025__long_edge_1024.jpg,real,0.248791,ai,ai,0.15,0.12,0.18,False,True,False,day11_resolution_control,real/real_025,,long_edge_1024,.jpg,768,1024,success,
data\day11_resolution_control\real\long_edge_512\real_025__long_edge_512.jpg,real_025__long_edge_512.jpg,real,0.25852,ai,ai,0.15,0.12,0.18,False,True,False,day11_resolution_control,real/real_025,,long_edge_512,.jpg,384,512,success,
data\day11_resolution_control\real\long_edge_1024\real_026__long_edge_1024.jpg,real_026__long_edge_1024.jpg,real,0.219343,ai,ai,0.15,0.12,0.18,False,True,False,day11_resolution_control,real/real_026,,long_edge_1024,.jpg,1024,873,success,
data\day11_resolution_control\real\long_edge_512\real_026__long_edge_512.jpg,real_026__long_edge_512.jpg,real,0.229402,ai,ai,0.15,0.12,0.18,False,True,False,day11_resolution_control,real/real_026,,long_edge_512,.jpg,512,437,success,
data\day11_resolution_control\real\long_edge_1024\real_027__long_edge_1024.jpg,real_027__long_edge_1024.jpg,real,0.256784,ai,ai,0.15,0.12,0.18,False,True,False,day11_resolution_control,real/real_027,,long_edge_1024,.jpg,768,1024,success,
data\day11_resolution_control\real\long_edge_512\real_027__long_edge_512.jpg,real_027__long_edge_512.jpg,real,0.247401,ai,ai,0.15,0.12,0.18,False,True,False,day11_resolution_control,real/real_027,,long_edge_512,.jpg,384,512,success,
data\day11_resolution_control\real\long_edge_1024\real_028__long_edge_1024.jpg,real_028__long_edge_1024.jpg,real,0.258387,ai,ai,0.15,0.12,0.18,False,True,False,day11_resolution_control,real/real_028,,long_edge_1024,.jpg,768,1024,success,
data\day11_resolution_control\real\long_edge_512\real_028__long_edge_512.jpg,real_028__long_edge_512.jpg,real,0.249522,ai,ai,0.15,0.12,0.18,False,True,False,day11_resolution_control,real/real_028,,long_edge_512,.jpg,384,512,success,
data\day11_resolution_control\real\long_edge_1024\real_029__long_edge_1024.jpg,real_029__long_edge_1024.jpg,real,0.199241,ai,ai,0.15,0.12,0.18,False,True,False,day11_resolution_control,real/real_029,,long_edge_1024,.jpg,472,1024,success,
data\day11_resolution_control\real\long_edge_512\real_029__long_edge_512.jpg,real_029__long_edge_512.jpg,real,0.219881,ai,ai,0.15,0.12,0.18,False,True,False,day11_resolution_control,real/real_029,,long_edge_512,.jpg,236,512,success,
data\day11_resolution_control\real\long_edge_1024\real_030__long_edge_1024.jpg,real_030__long_edge_1024.jpg,real,0.179893,ai,uncertain,0.15,0.12,0.18,False,False,,day11_resolution_control,real/real_030,,long_edge_1024,.jpg,1024,748,success,
data\day11_resolution_control\real\long_edge_512\real_030__long_edge_512.jpg,real_030__long_edge_512.jpg,real,0.227771,ai,ai,0.15,0.12,0.18,False,True,False,day11_resolution_control,real/real_030,,long_edge_512,.jpg,512,374,success,
